date,strategy_return,hodl_return,cash_return,momentum_return,vol_regime
2018-06-24,0,-0.0460931635014,0,-0.047730458428,low
2018-07-01,0,0.0324407031556,0,-0.0460931635014,low
2018-07-08,0,0.0555114575951,0,0.0324407031556,low
2018-07-15,0,-0.0527068906605,0,0.0555114575951,low
2018-07-22,-0.0015,0.1652409222,0,-0.0527068906605,low
2018-07-29,0.110646408392,0.110646408392,0,0.1652409222,low
2018-08-05,-0.145670093375,-0.144386673385,0,0.110646408392,low
2018-08-12,0,-0.101564578144,0,-0.144386673385,low
2018-08-19,0,0.027473040733,0,-0.101564578144,low
2018-08-26,0,0.0339701026114,0,0.027473040733,low
2018-09-02,-0.0015,0.0871865489912,0,0.0339701026114,low
2018-09-09,-0.146585677176,-0.145303632625,0,0.0871865489912,low
2018-09-16,0,0.042179563465,0,-0.145303632625,high
2018-09-23,-0.0015,0.0306232686981,0,0.042179563465,low
2018-09-30,-0.0152154176727,-0.0137360217053,0,0.0306232686981,low
2018-10-07,0,-0.00529901589705,0,-0.0137360217053,low
2018-10-14,0,-0.0588295281583,0,-0.00529901589705,low
2018-10-21,0,0.0375823361888,0,-0.0588295281583,low
2018-10-28,0,-0.00191088362002,0,0.0375823361888,low
2018-11-04,0,0.00307013845294,0,-0.00191088362002,low
2018-11-11,0,-0.0102253054514,0,0.00307013845294,low
2018-11-18,0,-0.125456146974,0,-0.0102253054514,low
2018-11-25,0,-0.291962230216,0,-0.125456146974,low
2018-12-02,0,0.0422944148511,0,-0.291962230216,low
2018-12-09,0,-0.139406169346,0,0.0422944148511,high
2018-12-16,0,-0.0952033031451,0,-0.139406169346,high
2018-12-23,0,0.234719874804,0,-0.0952033031451,low
2018-12-30,0,-0.0293870867164,0,0.234719874804,high
2019-01-06,-0.0015,0.055364324889,0,-0.0293870867164,high
2019-01-13,-0.131656193161,-0.130351720742,0,0.055364324889,high
2019-01-20,0,0.00624601620834,0,-0.130351720742,high
2019-01-27,0,-0.00146202551334,0,0.00624601620834,high
2019-02-03,0,-0.0329196662721,0,-0.00146202551334,high
2019-02-10,0,0.0685432150827,0,-0.0329196662721,high
2019-02-17,0,-0.00651165849969,0,0.0685432150827,low
2019-02-24,-0.0015,0.0301069217783,0,-0.00651165849969,low
2019-03-03,0.0125942244967,0.0141153975931,0,0.0301069217783,low
2019-03-10,-0.0015,0.0301008996734,0,0.0141153975931,low
2019-03-17,0.0169421572347,0.0169421572347,0,0.0301008996734,low
2019-03-24,0.000632718344547,0.000632718344547,0,0.0169421572347,low
2019-03-31,0.0316083556702,0.0316083556702,0,0.000632718344547,low
2019-04-07,0.268572084425,0.268572084425,0,0.0316083556702,low
2019-04-14,-0.00587511718472,-0.00587511718472,0,0.268572084425,low
2019-04-21,0.0258255280998,0.0258255280998,0,-0.00587511718472,low
2019-04-28,-0.0269251968801,-0.0269251968801,0,0.0258255280998,low
2019-05-05,0.108799224054,0.108799224054,0,-0.0269251968801,low
2019-05-12,0.221121581004,0.221121581004,0,0.108799224054,low
2019-05-19,0.174825495433,0.174825495433,0,0.221121581004,high
2019-05-26,0.064843902439,0.064843902439,0,0.174825495433,high
2019-06-02,0.000553155621115,0.000553155621115,0,0.064843902439,low
2019-06-09,-0.126133313493,-0.126133313493,0,0.000553155621115,low
2019-06-16,0.175572199126,0.175572199126,0,-0.126133313493,high
2019-06-23,0.207021727019,0.207021727019,0,0.175572199126,high
2019-06-30,-0.006624191592,-0.006624191592,0,0.207021727019,high
2019-07-07,0.0662710500443,0.0662710500443,0,-0.006624191592,high
2019-07-14,-0.112370821357,-0.112370821357,0,0.0662710500443,high
2019-07-21,0.0398300250466,0.0398300250466,0,-0.112370821357,high
2019-07-28,-0.099870641223,-0.099870641223,0,0.0398300250466,high
2019-08-04,0.15152732613,0.15152732613,0,-0.099870641223,high
2019-08-11,0.0513094499572,0.0513094499572,0,0.15152732613,high
2019-08-18,-0.106169784312,-0.106169784312,0,0.0513094499572,low
2019-08-25,-0.0171354120215,-0.0171354120215,0,-0.106169784312,low
2019-09-01,-0.0381556823741,-0.0367107484969,0,-0.0171354120215,low
2019-09-08,0,0.0647569451555,0,-0.0367107484969,low
2019-09-15,0,-0.00908840010116,0,0.0647569451555,low
2019-09-22,0,-0.026945613841,0,-0.00908840010116,low
2019-09-29,0,-0.196912275103,0,-0.026945613841,low
2019-10-06,0,-0.0239195767721,0,-0.196912275103,low
2019-10-13,0,0.05384113316,0,-0.0239195767721,low
2019-10-20,0,-0.00565618371188,0,0.05384113316,low
2019-10-27,-0.0015,0.159385730174,0,-0.00565618371188,low
2019-11-03,-0.0372956065868,-0.0358493806578,0,0.159385730174,low
2019-11-10,-0.0015,-0.0189311487946,0,-0.0358493806578,low
2019-11-17,-0.0603361534195,-0.0589245402298,0,-0.0189311487946,low
2019-11-24,0,-0.187219779741,0,-0.0589245402298,low
2019-12-01,0,0.0717406030709,0,-0.187219779741,low
2019-12-08,0,0.0156301701586,0,0.0717406030709,low
2019-12-15,0,-0.0543882978723,0,0.0156301701586,low
2019-12-22,0,0.0565405709464,0,-0.0543882978723,low
2019-12-29,0,-0.0170596268365,0,0.0565405709464,low
2020-01-05,0,-0.00399328899957,0,-0.0170596268365,low
2020-01-12,-0.0015,0.112218234222,0,-0.00399328899957,low
2020-01-19,0.0631624496841,0.0631624496841,0,0.112218234222,low
2020-01-26,-0.0117884042941,-0.0117884042941,0,0.0631624496841,low
2020-02-02,0.0847585805701,0.0847585805701,0,-0.0117884042941,low
2020-02-09,0.0906151123505,0.0906151123505,0,0.0847585805701,low
2020-02-16,-0.0243254805352,-0.0243254805352,0,0.0906151123505,low
2020-02-23,0.00443604475355,0.00443604475355,0,-0.0243254805352,low
2020-03-01,-0.14477657323,-0.14477657323,0,0.00443604475355,low
2020-03-08,-0.0582713653927,-0.0568566503683,0,-0.14477657323,low
2020-03-15,0,-0.3349701907,0,-0.0568566503683,low
2020-03-22,0,0.088469417344,0,-0.3349701907,high
2020-03-29,0,0.0101336312465,0,0.088469417344,high
2020-04-05,0,0.153310839667,0,0.0101336312465,high
2020-04-12,0,0.0191612879431,0,0.153310839667,high
2020-04-19,-0.0015,0.0322200074405,0,0.0191612879431,high
2020-04-26,0.0791127952196,0.0807338960636,0,0.0322200074405,high
2020-05-03,-0.0015,0.156175386692,0,0.0807338960636,high
2020-05-10,-0.0202122346366,-0.0202122346366,0,0.156175386692,high
2020-05-17,0.108451911027,0.108451911027,0,-0.0202122346366,low
2020-05-24,-0.0993010996597,-0.0993010996597,0,0.108451911027,low
2020-05-31,0.0838529876442,0.0838529876442,0,-0.0993010996597,low
2020-06-07,0.0321333563399,0.0321333563399,0,0.0838529876442,low
2020-06-14,-0.043601514648,-0.043601514648,0,0.0321333563399,low
2020-06-21,-0.0041672922252,-0.0041672922252,0,-0.043601514648,low
2020-06-28,-0.0186191463838,-0.0186191463838,0,-0.0041672922252,low
2020-07-05,-0.00426302829729,-0.00426302829729,0,-0.0186191463838,low
2020-07-12,0.0252336520692,0.0252336520692,0,-0.00426302829729,low
2020-07-19,-0.00972765782722,-0.00972765782722,0,0.0252336520692,low
2020-07-26,0.079034003519,0.079034003519,0,-0.00972765782722,low
2020-08-02,0.113423196861,0.113423196861,0,0.079034003519,low
2020-08-09,0.0560091936245,0.0560091936245,0,0.113423196861,low
2020-08-16,0.0197082939783,0.0197082939783,0,0.0560091936245,low
2020-08-23,-0.0225550473033,-0.0225550473033,0,0.0197082939783,low
2020-08-30,0.00566523118864,0.00566523118864,0,-0.0225550473033,low
2020-09-06,-0.124457899916,-0.124457899916,0,0.00566523118864,low
2020-09-13,0.00769166278347,0.00769166278347,0,-0.124457899916,low
2020-09-20,0.0565099702421,0.0565099702421,0,0.00769166278347,low
2020-09-27,-0.0130657849314,-0.0130657849314,0,0.0565099702421,low
2020-10-04,-0.00993579632963,-0.00993579632963,0,-0.0130657849314,low
2020-10-11,0.065869436263,0.065869436263,0,-0.00993579632963,low
2020-10-18,0.0123254683265,0.0123254683265,0,0.065869436263,low
2020-10-25,0.132948880513,0.132948880513,0,0.0123254683265,low
2020-11-01,0.0556987351476,0.0556987351476,0,0.132948880513,low
2020-11-08,0.124263792344,0.124263792344,0,0.0556987351476,low
2020-11-15,0.0312596477404,0.0312596477404,0,0.124263792344,low
2020-11-22,0.154743347014,0.154743347014,0,0.0312596477404,low
2020-11-29,-0.0127792789324,-0.0127792789324,0,0.154743347014,low
2020-12-06,0.064474091915,0.064474091915,0,-0.0127792789324,low
2020-12-13,-0.0107841821673,-0.0107841821673,0,0.064474091915,low
2020-12-20,0.224862456402,0.224862456402,0,-0.0107841821673,low
2020-12-27,0.118507393135,0.118507393135,0,0.224862456402,low
2021-01-03,0.259800484793,0.259800484793,0,0.118507393135,low
2021-01-10,0.153893846132,0.153893846132,0,0.259800484793,low
2021-01-17,-0.0616052732439,-0.0616052732439,0,0.153893846132,low
2021-01-24,-0.0985884980458,-0.0985884980458,0,-0.0616052732439,high
2021-01-31,0.0262997172993,0.0262997172993,0,-0.0985884980458,high
2021-02-07,0.173025680086,0.173025680086,0,0.0262997172993,high
2021-02-14,0.252351727825,0.252351727825,0,0.173025680086,high
2021-02-21,0.180943819818,0.180943819818,0,0.252351727825,high
2021-02-28,-0.213212543026,-0.213212543026,0,0.180943819818,high
2021-03-07,0.127053673581,0.127053673581,0,-0.213212543026,high
2021-03-14,0.156812631808,0.156812631808,0,0.127053673581,high
2021-03-21,-0.0272902546433,-0.0272902546433,0,0.156812631808,high
2021-03-28,-0.027622180864,-0.027622180864,0,-0.0272902546433,high
2021-04-04,0.0436925700472,0.0436925700472,0,-0.027622180864,high
2021-04-11,0.0303923633287,0.0303923633287,0,0.0436925700472,high
2021-04-18,-0.0618626976027,-0.0618626976027,0,0.0303923633287,high
2021-04-25,-0.127116570391,-0.127116570391,0,-0.0618626976027,high
2021-05-02,0.152769691171,0.152769691171,0,-0.127116570391,low
2021-05-09,0.0297989234475,0.0297989234475,0,0.152769691171,low
2021-05-16,-0.204612079094,-0.203417204901,0,0.0297989234475,low
2021-05-23,0,-0.25170982022,0,-0.203417204901,low
2021-05-30,0,0.0262026711609,0,-0.25170982022,high
2021-06-06,0,0.00367373303309,0,0.0262026711609,high
2021-06-13,0,0.0897965613869,0,0.00367373303309,high
2021-06-20,0,-0.0879005229751,0,0.0897965613869,high
2021-06-27,0,-0.024632029985,0,-0.0879005229751,high
2021-07-04,0,0.0165610127335,0,-0.024632029985,high
2021-07-11,0,-0.0290448517106,0,0.0165610127335,high
2021-07-18,0,-0.0721259643022,0,-0.0290448517106,low
2021-07-25,-0.0015,0.114508033629,0,-0.0721259643022,low
2021-08-01,0.123555373168,0.125243238025,0,0.114508033629,low
2021-08-08,-0.0015,0.099427799689,0,0.125243238025,low
2021-08-15,0.0726765343787,0.0726765343787,0,0.099427799689,low
2021-08-22,0.0482859646037,0.0482859646037,0,0.0726765343787,low
2021-08-29,-0.00978093981836,-0.00978093981836,0,0.0482859646037,low
2021-09-05,0.0611973793189,0.0611973793189,0,-0.00978093981836,low
2021-09-12,-0.111315551108,-0.111315551108,0,0.0611973793189,low
2021-09-19,0.0267617730921,0.0267617730921,0,-0.111315551108,low
2021-09-26,-0.086293950049,-0.086293950049,0,0.0267617730921,low
2021-10-03,0.117095920563,0.117095920563,0,-0.086293950049,low
2021-10-10,0.133858716644,0.133858716644,0,0.117095920563,low
2021-10-17,0.12500482259,0.12500482259,0,0.133858716644,low
2021-10-24,-0.0109322540909,-0.0109322540909,0,0.12500482259,low
2021-10-31,0.00803884939942,0.00803884939942,0,-0.0109322540909,low
2021-11-07,0.0320399754302,0.0320399754302,0,0.00803884939942,low
2021-11-14,0.0346852025924,0.0346852025924,0,0.0320399754302,low
2021-11-21,-0.104324981505,-0.104324981505,0,0.0346852025924,low
2021-11-28,-0.0230784400049,-0.0230784400049,0,-0.104324981505,low
2021-12-05,-0.137954758234,-0.136659747856,0,-0.0230784400049,low
2021-12-12,0,0.0122346073152,0,-0.136659747856,low
2021-12-19,0,-0.0679272200798,0,0.0122346073152,low
2021-12-26,0,0.0881312411392,0,-0.0679272200798,low
2022-01-02,0,-0.0689487516089,0,0.0881312411392,low
2022-01-09,0,-0.114643903147,0,-0.0689487516089,low
2022-01-16,0,0.0293200103543,0,-0.114643903147,low
2022-01-23,0,-0.158264109832,0,0.0293200103543,low
2022-01-30,0,0.0446187924912,0,-0.158264109832,low
2022-02-06,0,0.11909364706,0,0.0446187924912,low
2022-02-13,0,-0.00802000982668,0,0.11909364706,low
2022-02-20,0,-0.0876045365667,0,-0.00802000982668,low
2022-02-27,0,-0.0175036983222,0,-0.0876045365667,low
2022-03-06,0,0.0183285662623,0,-0.0175036983222,low
2022-03-13,0,-0.0160217640005,0,0.0183285662623,low
2022-03-20,-0.0015,0.0924570443053,0,-0.0160217640005,low
2022-03-27,0.134733394627,0.134733394627,0,0.0924570443053,low
2022-04-03,-0.00913233529726,-0.00913233529726,0,0.134733394627,low
2022-04-10,-0.0916846609464,-0.0916846609464,0,-0.00913233529726,low
2022-04-17,-0.0602842982823,-0.0588726071931,0,-0.0916846609464,low
2022-04-24,0,-0.0055181568983,0,-0.0588726071931,low
2022-05-01,0,-0.0251240606762,0,-0.0055181568983,low
2022-05-08,0,-0.11553905916,0,-0.0251240606762,low
2022-05-15,0,-0.080459246542,0,-0.11553905916,low
2022-05-22,0,-0.0328916061176,0,-0.080459246542,low
2022-05-29,0,-0.0268928157056,0,-0.0328916061176,low
2022-06-05,0,0.0154334539905,0,-0.0268928157056,low
2022-06-12,0,-0.111911961725,0,0.0154334539905,low
2022-06-19,0,-0.226048382238,0,-0.111911961725,low
2022-06-26,0,0.02313496597,0,-0.226048382238,low
2022-07-03,0,-0.0825849632298,0,0.02313496597,low
2022-07-10,0,0.080830093104,0,-0.0825849632298,low
2022-07-17,0,-0.00282533158439,0,0.080830093104,low
2022-07-24,0,0.0861731629965,0,-0.00282533158439,low
2022-07-31,-0.0015,0.0320593461666,0,0.0861731629965,low
2022-08-07,-0.00707139372664,-0.0055797633717,0,0.0320593461666,low
2022-08-14,-0.0015,0.0491565271154,0,-0.0055797633717,low
2022-08-21,-0.116396006285,-0.115068609199,0,0.0491565271154,low
2022-08-28,0,-0.0912972114383,0,-0.115068609199,low
2022-09-04,0,0.0230489571715,0,-0.0912972114383,low
2022-09-11,0,0.0913279009514,0,0.0230489571715,low
2022-09-18,0,-0.110576720478,0,0.0913279009514,low
2022-09-25,0,-0.031364779654,0,-0.110576720478,low
2022-10-02,0,0.0133215585841,0,-0.031364779654,low
2022-10-09,0,0.020163522336,0,0.0133215585841,low
2022-10-16,0,-0.0092077185811,0,0.020163522336,low
2022-10-23,0,0.0159880069184,0,-0.0092077185811,low
2022-10-30,-0.0015,0.0540678627703,0,0.0159880069184,low
2022-11-06,0.0134988279591,0.0134988279591,0,0.0540678627703,low
2022-11-13,-0.221540696498,-0.220371253378,0,0.0134988279591,low
2022-11-20,0,-0.00299729041511,0,-0.220371253378,low
2022-11-27,0,0.0102968583968,0,-0.00299729041511,low
2022-12-04,0,0.0419625478384,0,0.0102968583968,low
2022-12-11,0,-0.00138465944625,0,0.0419625478384,low
2022-12-18,0,-0.020137300039,0,-0.00138465944625,low
2022-12-25,0,0.00524814290049,0,-0.020137300039,low
2023-01-01,0,-0.0129205384508,0,0.00524814290049,low
2023-01-08,-0.0015,0.0309181908042,0,-0.0129205384508,low
2023-01-15,0.219239739378,0.219239739378,0,0.0309181908042,low
2023-01-22,0.0878925463488,0.0878925463488,0,0.219239739378,low
2023-01-29,0.0453856878776,0.0453856878776,0,0.0878925463488,low
2023-02-05,-0.0340885546076,-0.0340885546076,0,0.0453856878776,low
2023-02-12,-0.049987923095,-0.049987923095,0,-0.0340885546076,low
2023-02-19,0.114342949453,0.114342949453,0,-0.049987923095,low
2023-02-26,-0.0298369404287,-0.0298369404287,0,0.114342949453,low
2023-03-05,-0.0477203426777,-0.0477203426777,0,-0.0298369404287,low
2023-03-12,-0.00952226416003,-0.00952226416003,0,-0.0477203426777,low
2023-03-19,0.262629235774,0.262629235774,0,-0.00952226416003,low
2023-03-26,-0.00219430350825,-0.00219430350825,0,0.262629235774,low
2023-04-02,0.00698177037749,0.00698177037749,0,-0.00219430350825,low
2023-04-09,0.00541535968418,0.00541535968418,0,0.00698177037749,low
2023-04-16,0.0700434247357,0.0700434247357,0,0.00541535968418,low
2023-04-23,-0.090124048303,-0.090124048303,0,0.0700434247357,low
2023-04-30,0.0599485811246,0.0599485811246,0,-0.090124048303,low
2023-05-07,-0.0264166000505,-0.0264166000505,0,0.0599485811246,low
2023-05-14,-0.0542432131452,-0.0542432131452,0,-0.0264166000505,low
2023-05-21,-0.00658485450045,-0.00658485450045,0,-0.0542432131452,low
2023-05-28,0.0492433459863,0.0492433459863,0,-0.00658485450045,low
2023-06-04,-0.0337726629531,-0.0337726629531,0,0.0492433459863,low
2023-06-11,-0.0451266029399,-0.0436921411516,0,-0.0337726629531,low
2023-06-18,0,0.0154003813854,0,-0.0436921411516,low
2023-06-25,-0.0015,0.157340052536,0,0.0154003813854,low
2023-07-02,0.0043723409002,0.0043723409002,0,0.157340052536,low
2023-07-09,-0.0145403124307,-0.0145403124307,0,0.0043723409002,low
2023-07-16,0.0026272540985,0.0026272540985,0,-0.0145403124307,low
2023-07-23,-0.00548902327587,-0.00548902327587,0,0.0026272540985,low
2023-07-30,-0.0266016346864,-0.0266016346864,0,-0.00548902327587,low
2023-08-06,-0.00824346111984,-0.00824346111984,0,-0.0266016346864,low
2023-08-13,0.00812430849714,0.00812430849714,0,-0.00824346111984,low
2023-08-20,-0.106779960268,-0.105438117444,0,0.00812430849714,low
2023-08-27,0,-0.00374124541699,0,-0.105438117444,low
2023-09-03,0,-0.00465023402562,0,-0.00374124541699,low
2023-09-10,0,-0.00531655386269,0,-0.00465023402562,low
2023-09-17,0,0.0270670678266,0,-0.00531655386269,low
2023-09-24,0,-0.0105804729947,0,0.0270670678266,low
2023-10-01,-0.0015,0.0664839635752,0,-0.0105804729947,low
2023-10-08,-0.00370811285116,-0.00221142999615,0,0.0664839635752,low
2023-10-15,-0.0015,-0.0267570716934,0,-0.00221142999615,low
2023-10-22,0.103656533681,0.103656533681,0,-0.0267570716934,low
2023-10-29,0.150990113034,0.150990113034,0,0.103656533681,low
2023-11-05,0.0145055029061,0.0145055029061,0,0.150990113034,low
2023-11-12,0.0585296251622,0.0585296251622,0,0.0145055029061,low
2023-11-19,0.00822843534344,0.00822843534344,0,0.0585296251622,low
2023-11-26,0.00191488957693,0.00191488957693,0,0.00822843534344,low
2023-12-03,0.0673206667202,0.0673206667202,0,0.00191488957693,low
2023-12-10,0.0952579241967,0.0952579241967,0,0.0673206667202,low
2023-12-17,-0.055809194386,-0.055809194386,0,0.0952579241967,low
2023-12-24,0.040518902364,0.040518902364,0,-0.055809194386,low
2023-12-31,-0.0171288666155,-0.0171288666155,0,0.040518902364,low
2024-01-07,0.0393070762764,0.0393070762764,0,-0.0171288666155,low
2024-01-14,-0.0512613343988,-0.0512613343988,0,0.0393070762764,low
2024-01-21,-0.00343619123814,-0.00343619123814,0,-0.0512613343988,low
2024-01-28,0.0115642157624,0.0115642157624,0,-0.00343619123814,low
2024-02-04,0.0127028716112,0.0127028716112,0,0.0115642157624,low
2024-02-11,0.135023391682,0.135023391682,0,0.0127028716112,low
2024-02-18,0.0794210235469,0.0794210235469,0,0.135023391682,low
2024-02-25,-0.00810355865929,-0.00810355865929,0,0.0794210235469,low
2024-03-03,0.220824843904,0.220824843904,0,-0.00810355865929,low
2024-03-10,0.0930674921134,0.0930674921134,0,0.220824843904,low
2024-03-17,-0.00997332835787,-0.00997332835787,0,0.0930674921134,low
2024-03-24,-0.0166615357332,-0.0166615357332,0,-0.00997332835787,low
2024-03-31,0.0607689049003,0.0607689049003,0,-0.0166615357332,low
2024-04-07,-0.027193013218,-0.027193013218,0,0.0607689049003,low
2024-04-14,-0.0515251980019,-0.0515251980019,0,-0.027193013218,low
2024-04-21,-0.0125291420032,-0.0125291420032,0,-0.0515251980019,low
2024-04-28,-0.0283894857999,-0.0283894857999,0,-0.0125291420032,low
2024-05-05,0.014490973862,0.014490973862,0,-0.0283894857999,low
2024-05-12,-0.0401482581773,-0.0401482581773,0,0.014490973862,low
2024-05-19,0.0782483920237,0.0782483920237,0,-0.0401482581773,low
2024-05-26,0.0333843331932,0.0333843331932,0,0.0782483920237,low
2024-06-02,-0.0107807783775,-0.0107807783775,0,0.0333843331932,low
2024-06-09,0.0280849693041,0.0280849693041,0,-0.0107807783775,low
2024-06-16,-0.0446461548149,-0.0432109712718,0,0.0280849693041,low
2024-06-23,0,-0.0518893120462,0,-0.0432109712718,low
2024-06-30,0,-0.00796515133503,0,-0.0518893120462,low
2024-07-07,0,-0.1087339907,0,-0.00796515133503,low
2024-07-14,0,0.0887012929581,0,-0.1087339907,low
2024-07-21,-0.0015,0.121247353574,0,0.0887012929581,low
2024-07-28,0.000924300629146,0.000924300629146,0,0.121247353574,low
2024-08-04,-0.149471038973,-0.148193328967,0,0.000924300629146,low
2024-08-11,0,0.0101759905868,0,-0.148193328967,low
2024-08-18,0,-0.00484635443763,0,0.0101759905868,low
2024-08-25,-0.0015,0.0994907414537,0,-0.00484635443763,low
2024-09-01,-0.109551238383,-0.108213558721,0,0.0994907414537,low
2024-09-08,0,-0.0421977695946,0,-0.108213558721,low
2024-09-15,0,0.0772801424753,0,-0.0421977695946,low
2024-09-22,-0.0015,0.0753578216555,0,0.0772801424753,low
2024-09-29,0.0318091291815,0.0318091291815,0,0.0753578216555,low
2024-10-06,-0.0425175240065,-0.0425175240065,0,0.0318091291815,low
2024-10-13,0.00054831282361,0.000548312823611,0,-0.0425175240065,low
2024-10-20,0.0981705871402,0.0981705871402,0,0.000548312823611,low
2024-10-27,-0.0155281051066,-0.0155281051066,0,0.0981705871402,low
2024-11-03,0.0117008047458,0.0117008047458,0,-0.0155281051066,low
2024-11-10,0.170076368039,0.170076368039,0,0.0117008047458,low
2024-11-17,0.117591657329,0.117591657329,0,0.170076368039,low
2024-11-24,0.0905750339678,0.0905750339678,0,0.117591657329,low
2024-12-01,-0.00780387843577,-0.00780387843577,0,0.0905750339678,low
2024-12-08,0.0402188166169,0.0402188166169,0,-0.00780387843577,low
2024-12-15,0.0323476187149,0.0323476187149,0,0.0402188166169,low
2024-12-22,-0.0896142722448,-0.0896142722448,0,0.0323476187149,low
2024-12-29,-0.0160315077389,-0.0160315077389,0,-0.0896142722448,low
2025-01-05,0.0511095423582,0.0511095423582,0,-0.0160315077389,low
2025-01-12,-0.0390024620386,-0.0390024620386,0,0.0511095423582,low
2025-01-19,0.0709082313525,0.0709082313525,0,-0.0390024620386,low
2025-01-26,0.0133569302111,0.0133569302111,0,0.0709082313525,low
2025-02-02,-0.0476436921697,-0.0476436921697,0,0.0133569302111,low
2025-02-09,-0.0122926164855,-0.0122926164855,0,-0.0476436921697,low
2025-02-16,-0.00368942186757,-0.00368942186757,0,-0.0122926164855,low
2025-02-23,1.76969634167e-05,0.00151997692881,0,-0.00368942186757,low
2025-03-02,0,-0.0207809654044,0,0.00151997692881,low
2025-03-09,0,-0.143915991305,0,-0.0207809654044,low
2025-03-16,0,0.0230906959762,0,-0.143915991305,low
2025-03-23,0,0.0427599334662,0,0.0230906959762,low
2025-03-30,0,-0.043127345866,0,0.0427599334662,low
2025-04-06,0,-0.0486675282028,0,-0.043127345866,low
2025-04-13,0,0.06842246629,0,-0.0486675282028,low
2025-04-20,-0.0015,0.0172485016971,0,0.06842246629,low
2025-04-27,0.101003741136,0.101003741136,0,0.0172485016971,low
2025-05-04,0.0052460760262,0.0052460760262,0,0.101003741136,low
2025-05-11,0.104644140845,0.104644140845,0,0.0052460760262,low
2025-05-18,0.0224303186495,0.0224303186495,0,0.104644140845,low
2025-05-25,0.024186496804,0.024186496804,0,0.0224303186495,low
2025-06-01,-0.0307270110927,-0.0307270110927,0,0.024186496804,low
2025-06-08,0.000817991344013,0.000817991344013,0,-0.0307270110927,low
2025-06-15,-0.00175025807208,-0.00175025807208,0,0.000817991344013,low
2025-06-22,-0.043583453481,-0.043583453481,0,-0.00175025807208,low
2025-06-29,0.0731663268377,0.0731663268377,0,-0.043583453481,low
2025-07-06,0.00767199291719,0.0076719929172,0,0.0731663268377,low
2025-07-13,0.0907618873742,0.0907618873742,0,0.0076719929172,low
2025-07-20,-0.0152614592312,-0.0152614592312,0,0.0907618873742,low
2025-07-27,0.0183511248143,0.0183511248143,0,-0.0152614592312,low
2025-08-03,-0.0439439764712,-0.0439439764712,0,0.0183511248143,low
2025-08-10,0.0445966593218,0.0445966593218,0,-0.0439439764712,low
2025-08-17,-0.0152609137069,-0.0152609137069,0,0.0445966593218,low
2025-08-24,-0.0341360778833,-0.0341360778833,0,-0.0152609137069,low
2025-08-31,-0.0475195361656,-0.0460886691694,0,-0.0341360778833,low
2025-09-07,0,0.0266209198419,0,-0.0460886691694,low
2025-09-14,-0.0015,0.0376544109171,0,0.0266209198419,low
2025-09-21,-0.000276288777446,-0.000276288777446,0,0.0376544109171,low
2025-09-28,-0.0282167978216,-0.0267569332214,0,-0.000276288777446,low
2025-10-05,-0.0015,0.100921168862,0,-0.0267569332214,low
2025-10-12,-0.0684322857715,-0.0684322857715,0,0.100921168862,low
2025-10-19,-0.0569595048944,-0.0555428191231,0,-0.0684322857715,low
2025-10-26,-0.0015,0.0540254321116,0,-0.0555428191231,low
2025-11-02,-0.0364727514444,-0.0350252893785,0,0.0540254321116,low
2025-11-09,0,-0.0528430508755,0,-0.0350252893785,low
2025-11-16,0,-0.100396246428,0,-0.0528430508755,low
2025-11-23,0,-0.0783115215891,0,-0.100396246428,low
2025-11-30,0,0.0410240820346,0,-0.0783115215891,low
2025-12-07,0,0.000362732961593,0,0.0410240820346,low
2025-12-14,0,-0.0246750386522,0,0.000362732961593,low
2025-12-21,0,0.00531168706118,0,-0.0246750386522,low
2025-12-28,0,-0.00860402109884,0,0.00531168706118,low
2026-01-04,-0.0015,0.0411563670204,0,-0.00860402109884,low
2026-01-11,-0.00828795347236,-0.00679815069841,0,0.0411563670204,low
2026-01-18,-0.0015,0.0303891154163,0,-0.00679815069841,low
2026-01-25,-0.0769108342919,-0.0755241204727,0,0.0303891154163,low
2026-02-01,0,-0.111670440843,0,-0.0755241204727,low
2026-02-08,0,-0.0860414122902,0,-0.111670440843,low
2026-02-15,0,-0.0211631215039,0,-0.0860414122902,low
2026-02-22,0,-0.0170662286312,0,-0.0211631215039,low
2026-03-01,0,-0.0273445021576,0,-0.0170662286312,low
2026-03-08,0,0.00306466572397,0,-0.0273445021576,low
2026-03-15,-0.0015,0.103977440846,0,0.00306466572397,low
2026-03-22,-0.0698453482294,-0.0684480202598,0,0.103977440846,low
2026-03-29,0,-0.0278281622771,0,-0.0684480202598,low
2026-04-05,-0.0015,0.0462128776744,0,-0.0278281622771,low
2026-04-12,0.0238275048909,0.0253655532208,0,0.0462128776744,low
2026-04-19,-0.0015,0.0433577107597,0,0.0253655532208,low
2026-04-26,0.0657069043663,0.0657069043663,0,0.0433577107597,low
2026-05-03,-0.0014609686601,-0.0014609686601,0,0.0657069043663,low
2026-05-10,0.0463486691322,0.0463486691322,0,-0.0014609686601,low
2026-05-17,-0.0583017102557,-0.0583017102557,0,0.0463486691322,low
2026-05-24,-0.0055756806277,-0.0055756806277,0,-0.0583017102557,low
2026-05-31,-0.0441802697179,-0.0441802697179,0,-0.0055756806277,low
2026-06-07,-0.140908870411,-0.139618297858,0,-0.0441802697179,low
2026-06-14,0,0.0379745075765,0,-0.139618297858,low
2026-06-21,0,-0.0376064086084,0,0.0379745075765,low
2026-06-28,0,-0.0594857677547,0,-0.0376064086084,low
2026-07-05,0,0.0690457899173,0,-0.0594857677547,low
2026-07-12,0,0.00251460983913,0,0.0690457899173,low
2026-07-19,-0.0015,0.01477024276,0,0.00251460983913,low
2026-07-26,0.008677534771,0.010192824007,0,0.01477024276,low
2026-08-02,0,-0.0281841114631,0,0.010192824007,low
2026-08-09,-0.0015,0.021247414743,0,-0.0281841114631,low
2026-08-16,-0.0324799928881,-0.0310265326871,0,0.021247414743,low
2026-08-23,-0.0015,0.237006549998,0,-0.0310265326871,low
2026-08-30,-0.000826200035611,-0.000826200035611,0,0.237006549998,low
2026-09-06,0.0344297325673,0.0344297325673,0,-0.000826200035611,low
2026-09-13,-0.0440542485337,-0.0440542485337,0,0.0344297325673,low
2026-09-20,0.0567682098337,0.0567682098337,0,-0.0440542485337,low
2026-09-27,0.0406914076997,0.0406914076997,0,0.0567682098337,low
