year_month,n_weeks,monthly_strategy_end_usd,monthly_strategy_return,monthly_hodl_end_usd,monthly_hodl_return,monthly_strategy_max_dd,monthly_hodl_max_dd,monthly_exposure,monthly_round_trips,monthly_fees_usd,month_end_held,cum_strategy_total_return,cum_hodl_total_return,cum_alpha,cum_profit_factor,cum_strategy_max_dd,cum_hodl_max_dd,cum_strategy_sortino,cum_hodl_sortino,cum_strategy_mar,cum_hodl_mar,cum_win_rate,cum_whipsaws,cum_fees_usd,cum_round_trips
2018-04,2,9985.0,-0.0014999999999999458,11148.211065586856,0.11482110655868571,-0.0014999999999999458,0.0,0.5,0,15.0,BTC,-0.0014999999999999458,0.11482110655868571,-0.11632110655868566,0.0,-0.0014999999999999458,0.0,,,-50.225088699025605,,,0,15.0,0
2018-05,4,9018.30240041141,-0.09681498243250775,10018.782772256865,-0.10131027181718832,0.0,-0.03213880720482776,0.0,1,13.547775263512385,cash,-0.0981697599588589,0.0018782772256864533,-0.10004803718454536,0.0,-0.0981697599588589,-0.12452906518016871,-2.103803625025538,0.5425159450764859,-6.721322916796697,0.15880453006966744,0.0,1,28.547775263512385,1
2018-06,4,9018.30240041141,0.0,8268.67785771203,-0.17468238950055615,0.0,-0.17208263101302013,0.0,0,0,cash,-0.0981697599588589,-0.1731322142287971,0.0749624542699382,0.0,-0.0981697599588589,-0.3084681054553332,-1.1687797916808547,-3.4691449237658767,-4.590755580010274,-2.1650746227309403,0.0,1,28.547775263512385,1
2018-07,5,8944.95304229623,-0.008133388619995019,8730.353274150604,0.05583424876178711,-0.008133388619995019,-0.003656565118554722,0.4,1,40.42281214423477,BTC,-0.10550469577037691,-0.1269646725849396,0.021459976814562687,0.0,-0.10550469577037691,-0.3084681054553332,-1.2980259083379049,-1.3178881189818703,-3.222813710614762,-1.2874286840185103,0.0,2,68.97058740774716,2
2018-08,4,11189.704813848304,0.2509517669838801,10939.843225445658,0.25308139108609207,-0.0014999999999999458,-0.0013004503297824321,0.75,1,27.169021106609403,BTC,0.11897048138483046,0.09398432254456579,0.02498615884026467,2.1421794447149187,-0.10550469577037691,-0.3084681054553332,1.3983948613358173,1.3036310803170645,3.651125915695548,0.9642338868438163,0.3333333333333333,3,96.13960851435655,3
2018-09,5,12481.353392076498,0.11543187239663899,12202.649812684536,0.11543187239663899,0.0,0.0,1.0,0,0,BTC,0.24813533920764974,0.22026498126845362,0.027870357939196122,3.382230286465656,-0.10550469577037691,-0.3084681054553332,1.998028942002601,1.8490951539988283,6.1932531796285355,1.8505738108545258,0.3333333333333333,3,96.13960851435655,3
2018-10,4,14024.200758260238,0.12361218513075523,13711.046020415873,0.12361218513075523,-0.05913657872652989,-0.05913657872653,1.0,0,0,BTC,0.4024200758260239,0.37110460204158735,0.031315473784436554,4.8634452294290735,-0.10550469577037691,-0.3084681054553332,2.612623433399898,2.5354837981944924,8.74290823462531,2.7241852460256126,0.3333333333333333,3,96.13960851435655,3
2018-11,4,13154.282331565333,-0.06202980417137316,12860.552520784793,-0.06202980417137305,-0.13541256541114832,-0.13541256541114832,1.0,0,0,BTC,0.31542823315653323,0.28605525207847937,0.02937298107805386,4.028277602985936,-0.13541256541114832,-0.3084681054553332,1.8992616223871879,2.008641975207156,4.33043526015352,1.7091782794844883,0.3333333333333333,3,96.13960851435655,3
2018-12,5,18827.479943727707,0.43128142373444667,18407.069921960483,0.43128142373444645,0.0,0.0,1.0,0,0,BTC,0.8827479943727707,0.8407069921960484,0.04204100217672235,9.474846888906171,-0.13541256541114832,-0.3084681054553332,3.5629944374507256,3.7542638529086463,11.091935012414107,4.6079949586812035,0.3333333333333333,3,96.13960851435655,3
2019-01,4,23087.739213217777,0.22627878410829783,22572.199322898126,0.22627878410829805,-0.13388647059332903,-0.13388647059332925,1.0,0,0,BTC,1.308773921321778,1.2572199322898125,0.0515539890319654,13.564920754395464,-0.13541256541114832,-0.3084681054553332,3.4588769273021223,3.959697891705895,14.61194054757828,6.1341009922237815,0.3333333333333333,3,96.13960851435655,3
2019-02,4,21907.418607541604,-0.05112326481063323,21418.234799555208,-0.05112326481063334,-0.07671150705350926,-0.07671150705350938,1.0,0,0,BTC,1.1907418607541604,1.1418234799555207,0.04891838079863975,12.431750645067249,-0.13541256541114832,-0.3084681054553332,3.2158349387948224,3.668296861495498,11.332330935051468,4.757591217727224,0.3333333333333333,3,96.13960851435655,3
2019-03,5,22536.73337062581,0.028726102986299074,22033.497218191966,0.028726102986299074,-0.025959313880527746,-0.025959313880527857,1.0,0,0,BTC,1.253673337062581,1.2033497218191966,0.050323615243384356,13.03592604915372,-0.15185293846378434,-0.3084681054553332,3.1878051959239744,3.5052868018184133,9.059098199772304,4.276628349204538,0.3333333333333333,3,96.13960851435655,3
2019-04,4,21459.108547914006,-0.04781637183125975,19926.872777983834,-0.095610080385641,-0.07778662794137403,-0.12407601564476378,0.5,1,32.2370183493951,cash,1.1459108547914005,0.9926872777983833,0.15322357699301725,12.00134931441343,-0.15185293846378434,-0.3084681054553332,2.981938303794791,3.1119557994092366,7.379938588129907,3.149455733533824,0.5,3,128.37662686375165,4
2019-05,4,20349.09943123718,-0.05172671148936081,19964.935090911404,0.001910099660475728,-0.05172671148936081,-0.06435115800680469,0.25,1,62.75816622382972,cash,1.034909943123718,0.9964935090911404,0.03841643403257766,5.809913786690469,-0.15185293846378434,-0.3084681054553332,2.6704327201681646,3.0713853816876937,6.033632038237489,2.862799384287594,0.4,4,191.13479308758136,5
2019-06,5,19977.78214597424,-0.018247357162791356,19585.481118037867,-0.01900602086336234,-0.018247357162791356,-0.047216486272170455,0.2,1,60.535339901949776,cash,0.9977782145974241,0.9585481118037869,0.039230102793637256,4.95483002380862,-0.15266150835179815,-0.3084681054553332,2.431111079589095,2.7598653134354154,5.177129115951432,2.466103700800911,0.3333333333333333,5,251.67013298953114,6
2019-07,4,19749.35039065583,-0.011434290035265193,21431.736114165367,0.0942665122700066,-0.034462027084184665,-0.034462027084184554,1.0,0,29.96667321896136,BTC,0.9749350390655829,1.143173611416537,-0.16823857235095407,4.543456222342595,-0.18308971663484996,-0.3084681054553332,2.307180517888779,2.9383144317415297,3.892156556461516,2.6808571572746205,0.3333333333333333,5,281.6368062084925,6
2019-08,4,25697.17988634451,0.3011658296620645,27886.242702086412,0.3011658296620645,0.0,0.0,1.0,0,0,BTC,1.569717988634451,1.7886242702086412,-0.21890628157419023,7.221791315486628,-0.18308971663484996,-0.3084681054553332,2.954440195793677,3.6297147916488246,5.575628239216584,3.7210243724652035,0.3333333333333333,5,281.6368062084925,6
2019-09,5,37262.50230043339,0.4500619315131422,40436.77895523169,0.4500619315131422,-0.024733666518279684,-0.024733666518279684,1.0,0,0,BTC,2.7262502300433393,3.043677895523169,-0.3174276654798298,11.805864574364088,-0.18308971663484996,-0.3084681054553332,3.832029065315104,4.536545292389803,8.177059265344175,5.327227184233523,0.3333333333333333,5,281.6368062084925,6
2019-10,4,44011.782578848404,0.18112793993270038,47761.009424906784,0.1811279399327006,-0.06499019179128518,-0.06499019179128518,1.0,0,0,BTC,3.4011782578848404,3.776100942490679,-0.37492268460583844,14.481033854838374,-0.18308971663484996,-0.3084681054553332,4.118046484376264,4.846686402700121,9.072887028385088,5.863799512207874,0.3333333333333333,5,281.6368062084925,6
2019-11,4,59721.69552897982,0.3569478905333281,64809.20098886966,0.3569478905333281,-0.10969988956682641,-0.10969988956682653,1.0,0,0,BTC,4.972169552897982,5.480920098886966,-0.5087505459889847,20.707872093801864,-0.18308971663484996,-0.3084681054553332,4.517153228192809,5.315402702223563,11.336186917125026,7.25435210333076,0.3333333333333333,5,281.6368062084925,6
2019-12,5,58220.83511327117,-0.025130907661192636,63180.486943222706,-0.025130907661192636,-0.065957111650507,-0.065957111650507,1.0,0,0,BTC,4.822083511327117,5.318048694322271,-0.49596518299515413,20.112985600315398,-0.2036697693046019,-0.3084681054553332,4.23208051248777,4.985968493236086,9.044702386286602,6.4295003128677,0.3333333333333333,5,281.6368062084925,6
2020-01,4,50226.75009633683,-0.13730625816997466,54587.29162913555,-0.13601027358034534,-0.14387739142561018,-0.1425912783431249,0.75,1,75.45330510215848,cash,4.022675009633683,4.4587291629135555,-0.43605415327987274,16.944420985922967,-0.2036697693046019,-0.3084681054553332,3.749362580008717,4.451672392325556,7.353596814637094,5.246799480822745,0.42857142857142855,5,357.09011131065097,7
2020-02,4,50226.75009633683,0.0,56975.819680922556,0.04375611942821034,0.0,-0.029787245707597054,0.0,0,0,cash,4.022675009633683,4.697581968092256,-0.674906958458573,16.944420985922967,-0.2036697693046019,-0.3084681054553332,3.5931391391750207,4.347847000268907,6.894667870140148,5.105123655688333,0.42857142857142855,5,357.09011131065097,7
2020-03,5,71596.75248480632,0.4254705380595203,83756.03204287057,0.47002768037253784,0.0,0.0,1.0,0,75.34012514450525,BTC,6.159675248480632,7.375603204287058,-1.2159279558064267,25.41471286224745,-0.2036697693046019,-0.3084681054553332,4.084380932127332,4.959719469770411,8.66472133230673,6.477538145953239,0.42857142857142855,5,432.4302364551562,7
2020-04,4,89213.27072422695,0.24605191755253242,104364.36433361023,0.24605191755253242,-0.036561292544290414,-0.036561292544290414,1.0,0,0,BTC,7.921327072422695,9.436436433361022,-1.515109360938327,32.39726010861551,-0.2036697693046019,-0.3084681054553332,4.4052743921654525,5.286492107897426,9.657378324540128,7.156126345922217,0.42857142857142855,5,432.4302364551562,7
2020-05,5,181216.79559057803,1.0312762229147419,211992.85179047374,1.0312762229147414,0.0,0.0,1.0,0,0,BTC,17.121679559057803,20.199285179047372,-3.077605619989569,68.86411187130658,-0.2036697693046019,-0.3084681054553332,5.659192209885726,6.65876663487459,14.49451172346998,10.559825492201592,0.42857142857142855,5,432.4302364551562,7
2020-06,4,169608.8099230883,-0.06405579366779879,198413.4814171349,-0.06405579366779879,-0.21135234276394332,-0.21135234276394332,1.0,0,0,BTC,15.96088099230883,18.84134814171349,-2.8804671494046588,64.26312845013106,-0.2189466495351181,-0.3084681054553332,4.41253495469334,5.176738680037968,12.120072527759232,9.484318025765367,0.42857142857142855,5,432.4302364551562,7
2020-07,4,221872.26815265237,0.30814117647110284,259552.84500873816,0.30814117647110284,-0.08804452873840518,-0.08804452873840518,1.0,0,0,BTC,21.187226815265237,24.955284500873816,-3.7680576856085786,84.97846285315194,-0.2189466495351181,-0.3084681054553332,4.693905876204917,5.47741952999603,13.41710903819748,10.440125438466072,0.42857142857142855,5,432.4302364551562,7
2020-08,5,266434.22495369957,0.20084509511746518,311682.7608525268,0.20084509511746496,-0.11226164900240398,-0.11226164900240398,1.0,0,0,BTC,25.643422495369958,30.168276085252682,-4.524853589882724,102.64120213710696,-0.2189466495351181,-0.3084681054553332,4.752875558726928,5.478785403181429,13.81582297202842,10.70407665652242,0.42857142857142855,5,432.4302364551562,7
2020-09,4,258900.1534521047,-0.028277416322561866,302869.17766333447,-0.028277416322561755,-0.18231258927733607,-0.18231258927733596,1.0,0,0,BTC,24.89001534521047,29.286917766333445,-4.396902421122974,99.65497015287286,-0.2189466495351181,-0.3084681054553332,4.2458663564890555,4.896171291938609,12.820852999863162,9.92165111448595,0.42857142857142855,5,432.4302364551562,7
2020-10,4,227592.65994401486,-0.1209249708454947,210613.69698691476,-0.3046050489131309,0.0,-0.22405323715279557,0.0,1,341.90184268004236,cash,21.759265994401485,20.061369698691475,1.6978962957100094,87.24581815049692,-0.2189466495351181,-0.39020298267882014,3.947010680412146,4.10166454040561,11.290041475438215,6.064373898445602,0.5,5,774.3320791351986,8
2020-11,5,227592.65994401486,0.0,176417.35481851813,-0.16236523387423007,0.0,-0.13700476989537225,0.0,0,0,cash,21.759265994401485,16.641735481851814,5.117530512549671,87.24581815049692,-0.2189466495351181,-0.4800498315317454,3.8018999936322873,3.863655940232002,10.58074120969966,4.182576522030236,0.5,5,774.3320791351986,8
2020-12,4,232071.63068989295,0.019679767998580733,219415.20633279177,0.2437280139389113,-0.0014999999999999458,0.0,0.5,0,341.3889899160223,BTC,22.207163068989296,20.941520633279175,1.2656424357101201,89.02111928680264,-0.2189466495351181,-0.4959803280259101,3.7111646497717294,4.0406439086233075,10.177332124337438,4.358070913880941,0.5,5,1115.7210690512209,8
2021-01,5,332410.4111861866,0.4323612506966521,314281.8393647016,0.4323612506966521,-0.013503652874829353,-0.013503652874829464,1.0,0,0,BTC,32.24104111861866,30.42818393647016,1.8128571821485018,128.79176328900627,-0.2189466495351181,-0.4959803280259101,3.9814958531151747,4.296443448069847,11.548025026871198,4.955659916179386,0.5,5,1115.7210690512209,8
2021-02,4,349237.3246260911,0.05062089776267431,330191.0682238474,0.05062089776267453,-0.04467260666556028,-0.04467260666556028,1.0,0,0,BTC,33.92373246260911,32.01910682238474,1.904625640224367,135.46133990498936,-0.2189466495351181,-0.4959803280259101,3.9688322019145117,4.270190322941524,11.28342763341771,4.844905093545117,0.5,5,1115.7210690512209,8
2021-03,4,354351.0288774746,0.014642490623985926,335025.887844439,0.014642490623985926,-0.07863625934932983,-0.07863625934932972,1.0,0,0,BTC,34.43510288774746,32.5025887844439,1.9325141033035607,137.48822632226887,-0.2189466495351181,-0.4959803280259101,3.9581207781080754,4.236337910278333,10.852344822921328,4.661735522520324,0.5,5,1115.7210690512209,8
2021-04,4,348158.54324734665,-0.017475568364355265,329171.1200375847,-0.017475568364355265,-0.02210638845857882,-0.022106388458578707,1.0,0,0,BTC,33.815854324734666,31.91711200375847,1.898742320976197,135.0337501938324,-0.2189466495351181,-0.4959803280259101,3.8926722332288324,4.126689251291225,10.29434627420404,4.423214677017994,0.5,5,1115.7210690512209,8
2021-05,5,260045.86879410926,-0.2530820402434829,181901.99166096048,-0.44739383078263073,0.0,-0.27957114185993215,0.0,1,390.65478536921773,cash,25.004586879410926,17.190199166096047,7.814387713314879,100.10909005316813,-0.3238432658940006,-0.5121453942156208,3.0810340169159214,2.9417835302090714,5.731475418799394,3.017787898299011,0.5555555555555556,5,1506.3758544204386,9
2021-06,4,237143.95208411213,-0.08806875808563486,190608.455345978,0.04786348739515245,-0.08806875808563486,-0.0916732771445753,0.25,1,746.3191067727043,cash,22.71439520841121,18.0608455345978,4.653549673813412,9.933933922714019,-0.38339154973795475,-0.5121453942156208,2.960693070183456,2.960831235473275,4.447776869360639,2.979079010099017,0.5,6,2252.694961193143,10
2021-07,4,237143.95208411213,0.0,186767.87331911488,-0.02014906432084551,0.0,-0.03459748114221173,0.0,0,0,cash,22.71439520841121,17.676787331911488,5.037607876499724,9.933933922714019,-0.38339154973795475,-0.5122283687685343,2.8910297038261983,2.9077740860466386,4.284469500048082,2.8422165283357996,0.5,6,2252.694961193143,10
2021-08,5,250130.60790358187,0.05476275361584393,206542.47513140048,0.10587796209735911,-0.015427405667938987,-0.04299974140098739,0.8,1,1056.6983679554482,BTC,24.013060790358185,19.65424751314005,4.358813277218136,9.256629848323218,-0.3938148621107689,-0.5122283687685343,2.874547636407833,2.9250609061877304,4.091901572379469,2.863051457103658,0.45454545454545453,7,3309.393329148592,11
2021-09,4,316875.57145200664,0.26684044830752196,261656.36179000858,0.26684044830752196,-0.04834889150474797,-0.04834889150474786,1.0,0,0,BTC,30.687557145200664,25.16563617900086,5.521920966199804,11.55158284523748,-0.3938148621107689,-0.5122283687685343,3.0528574983393746,3.0925067596054947,4.414461695415528,3.103728849103806,0.45454545454545453,7,3309.393329148592,11
2021-10,5,503949.0752172547,0.5903689669355967,416130.1577921027,0.5903689669355969,-0.04442608953866123,-0.04442608953866145,1.0,0,0,BTC,49.39490752172547,40.61301577921027,8.7818917425152,17.98390185905826,-0.3938148621107689,-0.5122283687685343,3.38111267557266,3.4209558988030246,5.178105893192712,3.6674839063533855,0.45454545454545453,7,3309.393329148592,11
2021-11,4,587962.2168115234,0.16670958580100637,485503.0440369316,0.16670958580100637,-0.08624885862174059,-0.08624885862174059,1.0,0,0,BTC,57.79622168115234,47.55030440369316,10.245917277459178,20.872602381638735,-0.3938148621107689,-0.5122283687685343,3.4693443152032444,3.5000361392047763,5.327262635571645,3.7827206342702864,0.45454545454545453,7,3309.393329148592,11
2021-12,4,683801.8334147426,0.163003019348676,564641.5061179246,0.16300301934867578,-0.11705832254841886,-0.11705832254841897,1.0,0,0,BTC,67.38018334147426,55.464150611792455,11.91603272968181,24.167943387961945,-0.3938148621107689,-0.5122283687685343,3.53816302585764,3.5744835062273053,5.465983395737237,3.890318026098838,0.45454545454545453,7,3309.393329148592,11
2022-01,5,687930.0436487983,0.0060371441437065965,568050.3282798781,0.0060371441437065965,-0.08024302094556257,-0.08024302094556235,1.0,0,0,BTC,67.79300436487982,55.805032827987816,11.987971536892005,24.30988740807763,-0.3938148621107689,-0.5122283687685343,3.571321482486759,3.587273661813698,5.2484608948879545,3.7390725006385384,0.45454545454545453,7,3309.393329148592,11
2022-02,4,601667.1568251314,-0.12539485318321952,497566.0898993923,-0.1240809746451873,-0.08000683893576654,-0.07862477609991636,0.75,1,903.8565200177237,cash,59.166715682513136,48.75660898993923,10.410106692573905,21.343831842030017,-0.3938148621107689,-0.5122283687685343,3.462345494813335,3.464531553450375,4.8163626032023545,3.4308172964890784,0.5,7,4213.2498491663155,12
2022-03,4,601667.1568251314,0.0,503666.02892531065,0.01225955536309109,0.0,-0.12962154508162338,0.0,0,0,cash,59.166715682513136,49.36660289253106,9.800112789982073,21.343831842030017,-0.3938148621107689,-0.5122283687685343,3.3947875339389286,3.450284218361039,4.665284371030934,3.3417232726023607,0.5,7,4213.2498491663155,12
2022-04,4,601667.1568251314,0.0,385856.295936544,-0.23390446490929961,0.0,-0.2235071850042074,0.0,0,0,cash,59.166715682513136,37.5856295936544,21.581086088858733,21.343831842030017,-0.3938148621107689,-0.5122283687685343,3.329815523720002,3.2466713679361536,4.52291693510148,2.9073464925328767,0.5,7,4213.2498491663155,12
2022-05,5,601667.1568251314,0.0,395958.13496837736,0.026180314117498993,0.0,-0.03967637924928413,0.0,0,0,cash,59.166715682513136,38.595813496837735,20.5709021856754,21.343831842030017,-0.3938148621107689,-0.5122283687685343,3.2520160955957023,3.206600075949397,4.356138337841727,2.8349655448715727,0.5,7,4213.2498491663155,12
2022-06,4,563782.1995674155,-0.06296663666607072,405841.3025894101,0.024960132772173127,-0.0659374839936756,-0.06312897889014357,0.5,2,3561.546943591283,cash,55.37821995674155,39.58413025894101,15.794089697800544,9.039581592854585,-0.3938148621107689,-0.5122283687685343,3.1769233996973263,3.1834025262905126,4.1263255305407665,2.7846918576501167,0.5,9,7774.796792757598,14
2022-07,5,563782.1995674155,0.0,298728.1894273942,-0.2639285663597978,0.0,-0.21698769685174446,0.0,0,0,cash,55.37821995674155,28.872818942739418,26.505401014002135,9.039581592854585,-0.3938148621107689,-0.5328725114656887,3.1056919333363995,2.9039289418779552,3.983640449222941,2.2783556060409214,0.5,9,7774.796792757598,14
2022-08,4,563782.1995674155,0.0,300966.15819367045,0.007491655777668749,0.0,-0.06471257111018014,0.0,0,0,cash,55.37821995674155,29.096615819367045,26.281604137374508,9.039581592854585,-0.3938148621107689,-0.5328725114656887,3.050966084290824,2.873122186457516,3.87609625728339,2.227602391772596,0.5,9,7774.796792757598,14
2022-09,4,597360.8632266206,0.059559637897347084,351352.0246723807,0.16741372777961017,-0.0015000000000000568,0.0,0.75,0,845.6732993511233,BTC,58.73608632266206,34.135202467238074,24.600883855423987,9.527062783976431,-0.3938148621107689,-0.5328725114656887,3.037906842509658,2.9256994230637594,3.8570015059610157,2.31643719619028,0.5,9,8620.470092108722,14
2022-10,5,565781.2890909469,-0.05286515418016824,332777.74571656104,-0.05286515418016824,-0.0850748271398466,-0.0850748271398466,1.0,0,0,BTC,55.57812890909469,32.2777745716561,23.300354337438584,9.068603550130216,-0.3938148621107689,-0.5328725114656887,2.9888470110282803,2.8567254530120008,3.658154771463126,2.196415554303367,0.5,9,8620.470092108722,14
2022-11,4,469953.4610880424,-0.1693725647182026,272160.089243245,-0.18215658124250378,0.0,-0.05564978549223243,0.0,1,705.9891753951564,cash,45.99534610880424,26.216008924324502,19.77933718447974,3.8268174350655744,-0.3938148621107689,-0.5744176028008537,2.7496054138956056,2.6514400088763526,3.3252296380770576,1.8295193637981315,0.4666666666666667,9,9326.459267503878,15
2022-12,4,469248.5308964103,-0.0015000000000001679,290669.77826111077,0.06801029889919885,-0.0015000000000001679,-0.003656565123532518,0.25,0,704.9301916320636,BTC,45.924853089641026,28.066977826111078,17.857875263529948,3.810309595254056,-0.3940948023751907,-0.5744176028008537,2.7064579672829265,2.6468328847801694,3.241146121417003,1.837724378696967,0.4666666666666667,9,10031.389459135942,15
2023-01,5,441026.57651855535,-0.060142872102214695,353063.7940939506,0.21465601345314544,-0.039892073999020616,-0.029532631415203903,0.6,2,2713.4362655954965,BTC,43.10265765185554,34.306379409395056,8.796278242460481,3.2491755132356857,-0.4305356811820067,-0.5744176028008537,2.6560882048453966,2.7389328290350194,2.8129281584371286,1.93301834190611,0.4117647058823529,11,12744.82572473144,17
2023-02,4,476460.5750987212,0.08034436123981537,381430.4791073347,0.08034436123981514,-0.030957844807344426,-0.030957844807344537,1.0,0,0,BTC,46.64605750987212,37.14304791073347,9.50300959913865,3.478334753652543,-0.435149385127632,-0.5744176028008537,2.6737072875422463,2.751467739403741,2.800374034235661,1.9482233841286842,0.4117647058823529,11,12744.82572473144,17
2023-03,4,400160.0354897699,-0.16014030036617843,309331.47244669596,-0.1890226675890524,-0.32301092304772183,-0.3462922486488138,0.5,1,601.14176588348,cash,39.01600354897699,29.933147244669595,9.082856304307395,2.6780778582885936,-0.483303560009431,-0.5744176028008537,2.413772548136066,2.522131195771921,2.306940674364757,1.7535034294501382,0.3888888888888889,11,13345.96749061492,18
2023-04,5,399559.7954365352,-0.0015000000000000568,306907.18469429563,-0.007837184277516673,-0.0015000000000000568,-0.013258575799284023,0.2,0,600.2400532346549,BTC,38.95597954365352,29.690718469429562,9.265261074223957,2.6711818503603495,-0.48407860466941677,-0.6216939601016309,2.3699513034848256,2.4160814392472707,2.239950814095642,1.5725234218483344,0.3888888888888889,11,13946.207543849574,18
2023-05,4,335670.819809149,-0.159898409091898,191063.95180536024,-0.37745363636346485,0.0,-0.2600745542939008,0.0,1,504.26262364919734,cash,32.5670819809149,18.106395180536023,14.460686800378877,2.0965593088223233,-0.5665736149992493,-0.7012293211184507,2.2116167197195478,2.0594313412648666,1.7511505289360594,1.1175751392256617,0.3684210526315789,12,14450.470167498772,19
2023-06,4,336788.8969214523,0.0033308737200898886,248944.97279902303,0.30294056229208044,-0.0015000000000000568,0.0,0.25,1,1009.4484884840575,cash,32.67888969214523,23.894497279902303,8.78439241224293,2.1003239625490395,-0.5672237545767504,-0.7112203236819905,2.183254609497339,2.1759147470029387,1.7156997489156054,1.2109336009420446,0.4,13,15459.918655982829,20
2023-07,5,262990.5688789016,-0.21912339960471539,209654.436008207,-0.15782819933679026,-0.217950325092354,-0.22982860093001367,0.4,2,1774.9495577189132,cash,25.29905688789016,19.965443600820702,5.333613287069458,1.6822984052703032,-0.6604201353478315,-0.7112203236819905,2.0231251522471445,2.065219106150937,1.3015975028428637,1.0985658704894408,0.36363636363636365,15,17234.86821370174,22
2023-08,4,262990.5688789016,0.0,173049.8950963789,-0.17459464063233654,0.0,-0.20462277524101702,0.0,0,0,cash,25.29905688789016,16.30498950963789,8.994067378252272,1.6822984052703032,-0.6604201353478315,-0.7356171303345578,1.9941197737203036,1.9420270081741335,1.27666472699285,0.9575166135213664,0.36363636363636365,15,17234.86821370174,22
2023-09,4,293019.7299677505,0.11418341432112844,228344.8045492564,0.3195315976474957,-0.0015000000000000568,-0.05813787878722254,0.5,0,394.4858533183524,BTC,28.30197299677505,21.83448045492564,6.46749254184941,1.7632850160096705,-0.6609295051448097,-0.7356171303345578,2.0220297357135544,2.0620454773155568,1.3073506118573432,1.0607375150622818,0.36363636363636365,15,17629.35406702009,22
2023-10,5,230984.9088058493,-0.2117086831276812,198767.37840667003,-0.1295296654590895,-0.12851850415237387,-0.11176418017315004,0.6,2,1515.42452449162,BTC,22.09849088058493,18.876737840667005,3.2217530399179246,1.5458367432894673,-0.7017466276324844,-0.7356171303345578,1.9008873323992987,1.9896288931538737,1.091894541584295,0.9771554404693632,0.375,17,19144.77859151171,24
2023-11,4,242234.8443364519,0.04870420145092069,208448.18484645986,0.04870420145092069,-0.08167339271803975,-0.08167339271803975,1.0,0,0,BTC,23.22348443364519,19.844818484645987,3.3786659489992026,1.5862644779262878,-0.7017466276324844,-0.7356171303345578,1.917254464037432,1.9992523348696032,1.0936705482983555,0.9796760727963195,0.375,17,19144.77859151171,24
2023-12,5,223020.3409559259,-0.07932179795668881,156551.92154561685,-0.24896481271386028,0.0,-0.1854823619795739,0.0,1,335.033061025427,cash,21.30203409559259,14.655192154561684,6.646841941030905,1.516012788533065,-0.7120306727372934,-0.7551965012843266,1.8548593301742295,1.8551065456683093,1.0187466494586583,0.8228020525076113,0.36,17,19479.811652537137,25
2024-01,4,240623.18561212503,0.0789293235798516,208582.81256200594,0.3323554926869938,-0.0015000000000000568,-0.012307357261554852,0.5,0,334.5305114338889,BTC,23.062318561212503,19.858281256200595,3.2040373050119086,1.5586532843486218,-0.7124626267281875,-0.7551965012843266,1.8677966284932181,1.9671985789719,1.032510130341461,0.9178533220110975,0.36,17,19814.342163971025,25
2024-02,4,254482.0687298171,0.0575957927015065,220596.3049954244,0.0575957927015065,-0.024500505613753276,-0.024500505613753276,1.0,0,0,BTC,24.44820687298171,21.05963049954244,3.388576373439271,1.5922245428088349,-0.7124626267281875,-0.7551965012843266,1.8813609116050165,1.9726069789323815,1.0382391711429575,0.9238561249470708,0.36,17,19814.342163971025,25
2024-03,5,332226.48015887674,0.3055005479054034,287988.59703743405,0.3055005479054034,0.0,0.0,1.0,0,0,BTC,32.22264801588767,27.798859703743407,4.423788312144264,1.7805498001732067,-0.7124626267281875,-0.7551965012843266,1.973273721184807,2.061229471873459,1.1275953271872534,1.0070391027533696,0.36,17,19814.342163971025,25
2024-04,4,317738.2558009542,-0.043609480951048885,275429.5638008108,-0.043609480951048885,-0.03454303636782363,-0.03454303636782363,1.0,0,0,BTC,30.77382558009542,26.542956380081076,4.230869200014343,1.7454540481981824,-0.7124626267281875,-0.7551965012843266,1.9518351124630333,2.0295208441815644,1.0901078229284475,0.9732171571577733,0.36,17,19814.342163971025,25
2024-05,4,359429.0076852799,0.13121099245425039,311568.95021835645,0.13121099245425039,0.0,0.0,1.0,0,0,BTC,34.94290076852799,30.156895021835645,4.7860057466923465,1.846444221433902,-0.7124626267281875,-0.7551965012843266,1.982110412841007,2.0577271525142233,1.1227381179808358,1.0039739281238984,0.36,17,19814.342163971025,25
2024-06,5,346086.34864545416,-0.0371218203164857,300002.9436321545,-0.03712182031648581,-0.0736804083915713,-0.07368040839157153,1.0,0,0,BTC,33.608634864545415,29.00029436321545,4.608340501329966,1.8141234455554573,-0.7124626267281875,-0.7551965012843266,1.9550665401922935,2.023264591534592,1.0846059889180828,0.9696656390913209,0.36,17,19814.342163971025,25
2024-07,4,335921.752638459,-0.029370115425755294,305800.5433094637,0.01932514263732643,-0.0014999999999999458,0.0,0.25,1,1010.0372732076987,BTC,32.592175263845895,29.58005433094637,3.012120932899524,1.7885371707231548,-0.7124626267281875,-0.7551965012843266,1.9279773831405482,2.0111270294551735,1.0555160188542823,0.9612701144573812,0.38461538461538464,17,20824.379437178726,26
2024-08,4,303865.05317449954,-0.09542906707342935,290888.3944708894,-0.04876429805254967,-0.1030079569015182,-0.10166044757287762,0.5,2,1436.378980483089,cash,29.386505317449952,28.08883944708894,1.297665870361012,1.6598056588578094,-0.7124626267281875,-0.7551965012843266,1.872316078190524,1.9756962841087082,1.0005949675184855,0.9284236471870952,0.35714285714285715,19,22260.758417661815,28
2024-09,5,303865.05317449954,0.0,240109.465060988,-0.17456498909922336,0.0,-0.1687737027359537,0.0,0,0,cash,29.386505317449952,23.0109465060988,6.375558811351151,1.6598056588578094,-0.7124626267281875,-0.7551965012843266,1.844454231788879,1.8868833287782907,0.9814176936961051,0.8450854792237578,0.35714285714285715,19,22260.758417661815,28
2024-10,4,303865.05317449954,0.0,221937.9286378648,-0.07568021701480043,0.0,-0.09538477751755658,0.0,0,0,cash,29.386505317449952,21.19379286378648,8.192712453663471,1.6598056588578094,-0.7124626267281875,-0.7551965012843266,1.8227547702384217,1.8431720032812584,0.9665880058411066,0.8066346050035552,0.35714285714285715,19,22260.758417661815,28
2024-11,4,285811.52469622286,-0.059412980497988155,207583.71995380934,-0.06467668132325932,-0.05799998046869115,-0.1768895254227676,0.25,1,885.1589087996404,cash,27.581152469622285,19.758371995380934,7.822780474241352,1.5951463978727705,-0.7124626267281875,-0.7551965012843266,1.7861293482515437,1.8139934426527693,0.9304068156488737,0.773497973790513,0.3448275862068966,20,23145.91732646146,29
2024-12,5,223525.01909494132,-0.21792860056109797,220976.23701959287,0.06451622058205508,-0.24483236060488045,-0.24369790746607967,0.8,1,764.5085025099447,cash,21.352501909494134,21.097623701959286,0.2548782075348477,1.4061563329541147,-0.7124626267281875,-0.7551965012843266,1.643706634580027,1.8284173782344988,0.8298563467930158,0.7792880878180372,0.3333333333333333,20,23910.425828971405,30
2025-01,4,223525.01909494132,0.0,199141.19858508828,-0.09881170359765235,0.0,-0.3001915742025262,0.0,0,0,cash,21.352501909494134,18.914119858508826,2.4383820509853074,1.4061563329541147,-0.7124626267281875,-0.7578102705868851,1.6250810636499418,1.7065629222652776,0.8181312555224963,0.7338132220400906,0.3333333333333333,20,23910.425828971405,30
2025-02,4,185238.95777723202,-0.17128311395623885,157163.62353269986,-0.21079302198963312,-0.17128311395623885,-0.28578278799188606,0.25,1,613.5633790839222,cash,17.5238957777232,14.716362353269986,2.807533424453215,1.3107033387175926,-0.7608149201758405,-0.7578102705868851,1.5132241129252189,1.6026069454928642,0.6993941613449155,0.6541782353682392,0.3225806451612903,21,24523.98920805533,31
2025-03,5,184961.09934056617,-0.0014999999999999458,168732.37800360002,0.0736096191399731,-0.0014999999999999458,-0.1936578729427424,0.2,0,277.85843666584805,BTC,17.496109934056616,15.873237800360002,1.6228721336966139,1.3100579381404884,-0.7611736977955768,-0.7955196751664129,1.4931805747350821,1.5983531445503063,0.6868051051325949,0.6319823795575773,0.3225806451612903,21,24801.847644721176,31
2025-04,4,177586.41120223235,-0.03987156307259454,163396.0667379718,-0.03162588786317222,-0.09926342168459645,-0.11282708333537661,0.5,2,1125.8752455856845,BTC,16.758641120223235,15.339606673797178,1.419034446426057,1.2871706476562543,-0.7706960757673149,-0.7955196751664129,1.4677870804450976,1.5771654482239212,0.6578833375998269,0.6149958179098813,0.3333333333333333,23,25927.722890306857,33
2025-05,4,152956.18770864146,-0.13869430282896145,123688.84608087811,-0.2430120960057729,0.0,-0.16339859103440046,0.0,1,229.77894998794415,cash,14.295618770864147,11.36888460808781,2.926734162776336,1.2350448943750534,-0.8024992236747122,-0.8065851765103988,1.3894913608015154,1.4702300628199334,0.5845490085385299,0.527844738692177,0.3235294117647059,24,26157.5018402948,34
2025-06,5,152726.7534270785,-0.0014999999999999458,141926.88649531323,0.14745097065995405,-0.0014999999999999458,-0.05270689066280043,0.2,0,229.43428156296218,BTC,14.272675342707851,13.192688649531323,1.0799866931765276,1.2345791741268564,-0.8027954748392001,-0.8155002775931939,1.37171042599774,1.5118076006343166,0.5745917252598696,0.5474477854354876,0.3235294117647059,24,26386.93612185776,34
2025-07,4,144916.06936580536,-0.05114155762501993,124501.71506595239,-0.12277569007290423,-0.14567009337284853,-0.2312866799548976,0.25,1,217.70065503125494,cash,13.491606936580537,11.45017150659524,2.041435429985297,1.2189314059337473,-0.8128808214266259,-0.8155002775931939,1.332265900316574,1.4562674203448691,0.547387000809535,0.5089743469097122,0.3142857142857143,25,26604.636776889016,35
2025-08,5,123302.7071218683,-0.1491439999616564,128481.83778790347,0.03196841681934015,-0.1491439999616564,-0.14530363262434554,0.4,1,588.1161864006593,BTC,11.33027071218683,11.848183778790347,-0.5179130666035174,1.1776290129008546,-0.8407885241885983,-0.8155002775931939,1.2532084797515308,1.448962908570761,0.48387333264862825,0.5085499401579175,0.3055555555555556,26,27192.752963289677,36
2025-09,4,121426.60493325868,-0.015215417669259601,119585.94814894426,-0.0692384993250521,0.0,-0.06381680545304791,0.0,1,182.41352769142517,cash,11.142660493325868,10.958594814894425,0.18406567843144295,1.1741754838447298,-0.8432109932908081,-0.8155002775931939,1.2379084922264156,1.415291131444264,0.4731978161481259,0.4857567732842067,0.2972972972972973,27,27375.1664909811,37
2025-10,4,121426.60493325868,0.0,96109.87350274982,-0.19631131424366843,0.0,-0.19102814262984702,0.0,0,0,cash,11.142660493325868,8.610987350274982,2.5316731430508863,1.1741754838447298,-0.8432109932908081,-0.855639510526211,1.225276772917983,1.3309140900870051,0.467523095244396,0.41079956653058325,0.2972972972972973,27,27375.1664909811,37
2025-11,5,121426.60493325868,0.0,91613.95574925977,-0.046778937372770724,0.0,-0.05470908323717305,0.0,0,0,cash,11.142660493325868,8.161395574925976,2.9812649183998925,1.1741754838447298,-0.8432109932908081,-0.8580745412174108,1.2098450755260688,1.304140097365612,0.46061683439116713,0.39382112848318584,0.2972972972972973,27,27375.1664909811,37
2025-12,4,123545.8426650408,0.017452828669194398,95818.24788608197,0.045891393974178074,-0.0015000000000000568,-0.039592662170631066,0.5,1,553.6130408347685,BTC,11.35458426650408,8.581824788608197,2.7727594778958835,1.1774366740722075,-0.8434461768008719,-0.8582690784075373,1.2059726753826487,1.3102824418428565,0.45880706621080675,0.3983131001307947,0.3157894736842105,28,27928.779531815868,38
2026-01,4,125796.72095071917,0.018218972303106984,100701.8849306624,0.05096771389919974,-0.009552847439921464,-0.008064944857207323,0.75,1,370.035255866992,BTC,11.579672095071917,9.07018849306624,2.5094836020056768,1.1808711836434729,-0.8434461768008719,-0.8582690784075373,1.2048798316614375,1.3131952675775072,0.4573199322566227,0.4037953088527184,0.3076923076923077,29,28298.81478768286,39
2026-02,4,124805.20234349163,-0.007881911386354523,99908.16159720006,-0.007881911386354412,-0.09782641665355118,-0.09782641665355118,1.0,0,0,BTC,11.480520234349163,8.990816159720007,2.489704074629156,1.1793224597882432,-0.8434461768008719,-0.8582690784075373,1.2041787459596123,1.3071678717161297,0.4504341305802947,0.39765773405411237,0.3076923076923077,29,28298.81478768286,39
2026-03,5,115262.1672546681,-0.07646343990179982,86268.44630579285,-0.13652253302786688,-0.07485336501571449,-0.13501716394521301,0.2,1,173.15298035253093,cash,10.52621672546681,7.626844630579285,2.899372094887525,1.1623897751108523,-0.8511706662230965,-0.8651002346319359,1.1683799923257714,1.2527237146573194,0.4239442228112483,0.3607093056694912,0.3,29,28471.96776803539,40
2026-04,4,115262.1672546681,0.0,87239.6537206739,0.011257968080686798,0.0,-0.12783382143448185,0.0,0,0,cash,10.52621672546681,7.72396537206739,2.80225135339942,1.1623897751108523,-0.8511706662230965,-0.8756168974612396,1.1571993225427497,1.2510018761987602,0.4192372593771304,0.35457772457549497,0.3,29,28471.96776803539,40
2026-05,5,131578.0609153521,0.141554631925622,111496.84772702678,0.27805238755325834,0.0,0.0,1.0,0,172.89325088200215,BTC,12.15780609153521,10.149684772702678,2.008121318832533,1.1875605878671662,-0.8513939102237618,-0.8756168974612396,1.188750571168062,1.3155505038873436,0.4395344711053707,0.3956404519741672,0.3,29,28644.861018917392,40
2026-06,4,128755.52131025118,-0.021451445518084866,109105.07917257225,-0.021451445518084866,-0.05176597983381592,-0.05176597983381592,1.0,0,0,BTC,11.875552131025117,9.910507917257226,1.9650442137678912,1.183206206956455,-0.8513939102237618,-0.8756168974612396,1.1793413069421301,1.3029908858705048,0.4304764530807825,0.3873037378082685,0.3,29,28644.861018917392,40
2026-07,4,148871.5910970676,0.156234618772926,126151.06962328897,0.156234618772926,-0.00404386617852126,-0.004043866178521149,1.0,0,0,BTC,13.88715910970676,11.615106962328898,2.2720521473778614,1.21423961747794,-0.8513939102237618,-0.8756168974612396,1.2184497939365104,1.3371556906862745,0.4542066244354741,0.4102067037355773,0.3,29,28644.861018917392,40
2026-08,5,182743.32269962633,0.2275231382492151,154853.3568774749,0.2275231382492151,0.0,0.0,1.0,0,0,BTC,17.27433226996263,14.48533568774749,2.788996582215141,1.2664941265861092,-0.8513939102237618,-0.8756168974612396,1.2748345956468863,1.3873500939022698,0.4884129621035593,0.44317100649303864,0.3,29,28644.861018917392,40
2026-09,4,212967.95802612667,0.165393924549464,180465.1613010992,0.165393924549464,0.0,0.0,1.0,0,0,BTC,20.296795802612667,17.04651613010992,3.250279672502746,1.3131221968746793,-0.8513939102237618,-0.8756168974612396,1.318778292032818,1.4269666541722112,0.5135282324197447,0.46740222109961327,0.3,29,28644.861018917392,40
